date,manager,city,category,product,quantity,price,discount,revenue_before_discount,discount_amount,revenue,month
2026-01-10,Иванова,Мурманск,Игрушки,LEGO City,2,3500,0.05,7000,350.0,6650.0,2026-01
2026-01-12,Петрова,Мурманск,Куклы,Barbie,3,2500,0.0,7500,0.0,7500.0,2026-01
2026-01-15,Сидорова,Архангельск,Транспорт,Самокат,1,6000,0.1,6000,600.0,5400.0,2026-01
2026-01-20,Иванова,Мурманск,Конструкторы,LEGO Classic,2,4200,0.05,8400,420.0,7980.0,2026-01
2026-01-25,Петрова,Архангельск,Мягкие игрушки,Медведь Тедди,4,1800,0.0,7200,0.0,7200.0,2026-01
2026-02-03,Сидорова,Мурманск,Игрушки,Машинка Hot Wheels,5,900,0.05,4500,225.0,4275.0,2026-02
2026-02-08,Иванова,Мурманск,Куклы,Baby Born,1,5200,0.1,5200,520.0,4680.0,2026-02
2026-02-14,Петрова,Архангельск,Настольные игры,Монополия,2,3500,0.0,7000,0.0,7000.0,2026-02
2026-02-18,Сидорова,Мурманск,Транспорт,Велосипед,1,12500,0.15,12500,1875.0,10625.0,2026-02
2026-02-25,Иванова,Архангельск,Игрушки,LEGO City,3,3500,0.05,10500,525.0,9975.0,2026-02
2026-03-02,Петрова,Мурманск,Куклы,Barbie,2,2500,0.0,5000,0.0,5000.0,2026-03
2026-03-07,Сидорова,Архангельск,Конструкторы,LEGO Classic,3,4200,0.1,12600,1260.0,11340.0,2026-03
2026-03-12,Иванова,Мурманск,Мягкие игрушки,Медведь Тедди,2,1800,0.0,3600,0.0,3600.0,2026-03
2026-03-18,Петрова,Мурманск,Игрушки,Машинка Hot Wheels,6,900,0.05,5400,270.0,5130.0,2026-03
2026-03-25,Сидорова,Архангельск,Настольные игры,Монополия,2,3500,0.0,7000,0.0,7000.0,2026-03
2026-04-04,Иванова,Мурманск,Транспорт,Самокат,2,6000,0.1,12000,1200.0,10800.0,2026-04
2026-04-10,Петрова,Архангельск,Куклы,Baby Born,2,5200,0.05,10400,520.0,9880.0,2026-04
2026-04-15,Сидорова,Мурманск,Игрушки,LEGO City,4,3500,0.0,14000,0.0,14000.0,2026-04
2026-04-21,Иванова,Архангельск,Конструкторы,LEGO Classic,1,4200,0.05,4200,210.0,3990.0,2026-04
2026-04-28,Петрова,Мурманск,Мягкие игрушки,Медведь Тедди,5,1800,0.0,9000,0.0,9000.0,2026-04
2026-05-03,Сидорова,Архангельск,Транспорт,Велосипед,1,12500,0.15,12500,1875.0,10625.0,2026-05
2026-05-09,Иванова,Мурманск,Куклы,Barbie,4,2500,0.05,10000,500.0,9500.0,2026-05
2026-05-15,Петрова,Архангельск,Игрушки,Машинка Hot Wheels,7,900,0.0,6300,0.0,6300.0,2026-05
2026-05-20,Сидорова,Мурманск,Настольные игры,Монополия,3,3500,0.1,10500,1050.0,9450.0,2026-05
2026-05-27,Иванова,Архангельск,Игрушки,LEGO City,2,3500,0.0,7000,0.0,7000.0,2026-05
2026-06-02,Петрова,Мурманск,Транспорт,Самокат,1,6000,0.05,6000,300.0,5700.0,2026-06
2026-06-08,Сидорова,Архангельск,Куклы,Baby Born,3,5200,0.1,15600,1560.0,14040.0,2026-06
2026-06-14,Иванова,Мурманск,Конструкторы,LEGO Classic,2,4200,0.0,8400,0.0,8400.0,2026-06
2026-06-20,Петрова,Архангельск,Мягкие игрушки,Медведь Тедди,4,1800,0.05,7200,360.0,6840.0,2026-06
2026-06-27,Сидорова,Мурманск,Игрушки,Машинка Hot Wheels,8,900,0.0,7200,0.0,7200.0,2026-06
