date,manager,city,category,product,quantity,price,discount
2026-01-10,Иванова,Мурманск,Игрушки,LEGO City,2,3500,0.05
2026-01-12,Петрова,Мурманск,Куклы,Barbie,3,2500,0.0
2026-01-15,Сидорова,Архангельск,Транспорт,Самокат,1,6000,0.1
2026-01-20,Иванова,Мурманск,Конструкторы,LEGO Classic,2,4200,0.05
2026-01-25,Петрова,Архангельск,Мягкие игрушки,Медведь Тедди,4,1800,0.0
2026-02-03,Сидорова,Мурманск,Игрушки,Машинка Hot Wheels,5,900,0.05
2026-02-08,Иванова,Мурманск,Куклы,Baby Born,1,5200,0.1
2026-02-14,Петрова,Архангельск,Настольные игры,Монополия,2,3500,0.0
2026-02-18,Сидорова,Мурманск,Транспорт,Велосипед,1,12500,0.15
2026-02-25,Иванова,Архангельск,Игрушки,LEGO City,3,3500,0.05
2026-03-02,Петрова,Мурманск,Куклы,Barbie,2,2500,0.0
2026-03-07,Сидорова,Архангельск,Конструкторы,LEGO Classic,3,4200,0.1
2026-03-12,Иванова,Мурманск,Мягкие игрушки,Медведь Тедди,2,1800,0.0
2026-03-18,Петрова,Мурманск,Игрушки,Машинка Hot Wheels,6,900,0.05
2026-03-25,Сидорова,Архангельск,Настольные игры,Монополия,2,3500,0.0
2026-04-04,Иванова,Мурманск,Транспорт,Самокат,2,6000,0.1
2026-04-10,Петрова,Архангельск,Куклы,Baby Born,2,5200,0.05
2026-04-15,Сидорова,Мурманск,Игрушки,LEGO City,4,3500,0.0
2026-04-21,Иванова,Архангельск,Конструкторы,LEGO Classic,1,4200,0.05
2026-04-28,Петрова,Мурманск,Мягкие игрушки,Медведь Тедди,5,1800,0.0
2026-05-03,Сидорова,Архангельск,Транспорт,Велосипед,1,12500,0.15
2026-05-09,Иванова,Мурманск,Куклы,Barbie,4,2500,0.05
2026-05-15,Петрова,Архангельск,Игрушки,Машинка Hot Wheels,7,900,0.0
2026-05-20,Сидорова,Мурманск,Настольные игры,Монополия,3,3500,0.1
2026-05-27,Иванова,Архангельск,Игрушки,LEGO City,2,3500,0.0
2026-06-02,Петрова,Мурманск,Транспорт,Самокат,1,6000,0.05
2026-06-08,Сидорова,Архангельск,Куклы,Baby Born,3,5200,0.1
2026-06-14,Иванова,Мурманск,Конструкторы,LEGO Classic,2,4200,0.0
2026-06-20,Петрова,Архангельск,Мягкие игрушки,Медведь Тедди,4,1800,0.05
2026-06-27,Сидорова,Мурманск,Игрушки,Машинка Hot Wheels,8,900,0.0
