student_id,practice_hours,attendance,assignments_completed,final_score,passed,high_attendance,risk_score,risk_level
1,11.835384679783488,95.42903453538035,10,100.0,True,True,1.371289639385894,low
2,7.144298156528732,84.98535669053749,9,78.81844260717304,True,True,4.904392992838754,low
3,13.020370878759357,63.29349807297598,5,83.53907548818742,True,False,13.011950578107205,medium
4,10.763152406831097,98.4588188673862,10,100.0,True,True,0.4623543397841402,low
5,2.318482870427093,88.93754519828974,6,65.59348056927,True,True,4.918736440513078,low
6,14.658712922914583,85.84450945794978,7,98.12398177950072,True,True,5.446647162615065,low
7,11.655955827864942,72.46807510718943,6,100.0,True,False,9.859577467843168,low
8,12.004900273877354,63.61207809225795,4,100.0,True,False,13.316376572322614,medium
9,2.7935908574576422,54.81954810767496,10,64.83103102643614,True,False,13.55413556769751,medium
10,7.30540313053794,95.13011982719208,3,79.70479299920272,True,True,4.260964051842378,low
11,6.191172339256138,72.78881449168055,4,76.38291222576304,True,False,10.563355652495833,medium
12,13.974709843880426,60.11816823976152,4,99.6098048916694,True,False,14.364549528071542,medium
13,10.014111681129304,65.29783120753262,5,78.92545161256523,True,False,12.410650637740213,medium
14,12.51866258579162,78.9609784470948,4,90.8105118465422,True,False,8.71170646587156,low
15,7.207798783582636,58.83863914696158,3,76.1158446260057,True,False,15.148408255911525,medium
16,4.181342104986877,92.83071420461876,8,82.83486418595498,True,True,2.950785738614373,low
17,8.764187018221687,87.92597649176051,10,92.01118131234384,True,True,3.6222070524718473,low
18,1.8934415854584543,85.97314779754683,3,65.05777609045263,True,True,7.008055660735952,low
19,12.586836407896149,71.6046519887552,5,84.99377497507926,True,False,10.518604403373441,medium
20,9.843301587708908,81.36544203512216,7,89.25874575817949,True,True,6.790367389463353,low
21,11.613228361195231,79.20489844563679,10,97.5023580643525,True,False,6.238530466308964,low
22,5.963363553818157,82.492330077741,8,83.69234085211193,True,True,6.052300976677699,low
23,14.589772341528644,54.222216056994455,9,95.75334877397516,True,False,14.133335182901664,medium
24,13.503695698510768,70.79037010853048,7,99.31452438613525,True,False,9.962888967440854,low
25,11.897368959032669,52.08070869309462,6,91.82717865995446,True,False,15.975787392071613,medium
26,3.724941909927546,74.69954096222594,4,69.76438665371768,True,False,9.990137711332219,low
27,7.534094052178478,66.49306061663927,9,85.71728232660202,True,False,10.452081815008219,medium
28,1.6132527210212029,57.226209443302345,9,67.10546090126793,True,False,13.232137167009297,medium
29,3.1600528889456694,55.17014838612758,3,61.19309128435314,True,False,16.248955484161726,medium
30,10.562685345394364,79.3822286088856,8,89.64448034799307,True,False,6.98533141733432,low
31,11.42667018270944,58.529648426844304,3,84.28155887185122,True,False,15.241105471946709,medium
32,14.54513625407894,96.25600591883986,8,100.0,True,True,1.9231982243480417,low
33,5.561555013934127,79.05305698501975,9,92.63299332574324,True,False,6.684082904494075,low
34,6.186435884488164,67.34349022674185,4,81.16873678028207,True,False,12.196952931977446,medium
35,7.573781357861311,79.54577457407083,6,84.75012980095349,True,False,7.73626762777875,low
36,3.65259902718,51.14019355148488,3,57.60125990734738,False,False,18.177563962350323,medium
37,2.818901074696603,97.92796066207228,7,71.46718549234248,True,True,1.821611801378316,low
38,7.659868967163073,74.115171847145,10,93.63418014513826,True,False,7.765448445856498,low
39,4.176730886712377,89.1367613625143,3,73.53976368314521,True,True,6.058971591245708,low
40,10.377395925555144,54.13649999612193,6,85.8783318298764,True,False,15.359050001163421,medium
41,7.12012686421263,74.33291654190802,10,77.66061636113761,True,False,7.700125037427593,low
42,12.657494744809725,74.53534971772605,5,97.41476669924673,True,False,9.639395084682185,low
43,10.803711428031487,96.89132274874912,4,94.5042109483378,True,True,3.3326031753752647,low
44,5.373132979348575,78.58640261880377,6,71.52727968099998,True,False,8.024079214358867,low
45,12.651637219532814,73.6744700528477,7,93.1900865247942,True,False,9.097658984145692,low
46,12.266701004955229,63.34878315459468,8,94.82253432281932,True,False,11.795365053621596,medium
47,6.424697306422442,66.5784498671276,5,75.46868972461922,True,False,12.02646503986172,medium
48,5.036593455023418,76.0336201235769,10,80.139032739435,True,False,7.189913962926931,low
49,10.554937055649656,71.94557301525234,7,89.35629455260741,True,False,9.6163280954243,low
50,2.9565347705303373,51.08060399401652,5,61.40160103379554,True,False,16.675818801795042,medium
51,3.798714834651516,91.31459620971788,10,83.08824869957061,True,True,2.6056211370846367,low
52,1.1030717765140772,94.80803859198834,10,83.81714895424807,True,True,1.5575884224034993,low
53,12.016941285029937,57.01245444993054,6,75.46217462040099,True,False,14.496263665020837,medium
54,10.30791199228845,77.70180717695247,3,83.51098045241082,True,False,9.48945784691426,low
55,10.872315300768692,55.42878705677218,7,87.42054712297701,True,False,14.571363882968345,medium
56,11.93020643430755,83.61200465199059,7,97.708487197202,True,True,6.116398604402823,low
57,7.424820857536759,64.06168919195042,4,73.71790153522306,True,False,13.181493242414874,medium
58,8.962376743340513,82.97113173459509,8,81.36511587960715,True,True,5.908660479621473,low
59,2.957157973787204,86.34973071434413,9,79.1203050316246,True,True,4.49508078569676,low
60,2.603421029503628,88.43237459588285,3,76.7533972935507,True,True,6.270287621235146,low
61,10.357641465066605,55.38704729779483,8,79.07155846253453,True,False,14.183885810661552,medium
62,7.595346886003855,95.8005922568804,4,88.25765534772067,True,True,3.659822322935878,low
63,8.913305490736644,61.51069954474404,8,83.01831249741315,True,False,12.346790136576788,medium
64,11.709984003824358,51.87062780880899,6,85.93599523261891,True,False,16.038811657357304,medium
65,9.886056480008271,77.74262346957417,3,78.38630451389449,True,False,9.47721295912775,low
66,8.750111609211942,68.54611419312194,10,87.33952670953096,True,False,9.436165742063418,low
67,8.82890025043579,91.48948715662064,4,92.44484538873942,True,True,4.9531538530138075,low
68,5.255301372876571,90.4125736032151,7,84.15467304293374,True,True,4.076227919035472,low
69,1.4314496839511517,65.85694464113577,4,69.70441839721154,True,False,12.64291660765927,medium
70,7.114043449253073,97.64496975348725,10,98.08341050639297,True,True,0.7065090739538263,low
71,4.004185419473409,64.54589190700594,8,75.34236992008287,True,False,11.436232427898219,medium
72,6.719401012144906,75.75285646158572,9,92.95638927659763,True,False,7.674143061524283,low
73,12.947643025754326,62.79825452838014,6,94.26363699017234,True,False,12.760523641485957,medium
74,4.27515280211477,96.80217850244816,6,83.02836751488425,True,True,2.559346449265553,low
75,1.816238383646924,58.23039087910091,8,64.615338911219,True,False,13.330882736269727,medium
76,4.939374488307951,52.245530969616446,9,74.24254804247002,True,False,14.726340709115066,medium
77,5.110312608733571,71.7548530001519,9,75.72737565537051,True,False,8.873544099954431,low
78,10.26683120617653,99.61877820279184,3,95.01969223911355,True,True,2.914366539162447,low
79,8.798450132777898,94.5838633127457,8,86.75057304455684,True,True,2.424841006176288,low
80,11.974574927489789,87.43040097284745,3,95.20578927402464,True,True,6.570879708145765,low
81,10.300389564583426,94.53962454392624,5,90.93262475991432,True,True,3.638112636822129,low
82,6.689416060160987,94.67233198489316,9,94.74785861396236,True,True,1.9983004045320514,low
83,12.396285385324486,75.94291801932245,5,96.23078791179812,True,False,9.217124594203266,low
84,3.3376208787078547,65.79645259153965,9,82.39639613288855,True,False,10.661064222538105,medium
85,1.317969023874047,88.6006216055494,6,73.0989514167657,True,True,5.019813518335178,low
86,2.2606700508589848,83.08306315838806,4,59.56223963847828,False,True,7.606409160940099,low
87,11.113030908350304,68.6828864436855,5,87.11853301730613,True,False,11.395134066894348,medium
88,7.466281223519424,54.72333340307576,7,71.98650044659341,True,False,14.782999979077271,medium
89,3.257804906470425,87.33948056745129,9,75.88798319620751,True,True,4.198155829764613,low
90,8.01462685144709,63.12302579614323,7,88.87346574403715,True,False,12.26309226115703,medium
91,3.132369437984358,96.84065752668896,10,85.22875703112162,True,True,0.9478027419933127,low
92,10.748485251088304,62.04852875028424,9,87.38869317239809,True,False,11.785441374914727,medium
93,7.24618785803643,56.1378966205743,9,75.58135696803265,True,False,13.558631013827709,medium
94,6.334297165350755,91.55563360624532,7,84.38856177931952,True,True,3.733309918126403,low
95,5.221169248070272,57.6642158312247,5,63.88617633107622,True,False,14.700735250632588,medium
96,9.823956303664438,58.96341540788696,6,79.94504322414993,True,False,13.91097537763391,medium
97,6.065376547747466,79.96913957604218,3,76.21577362113543,True,False,8.809258127187345,low
98,2.227098870425414,93.72810204187324,5,77.27633286706532,True,True,3.8815693874380273,low
99,2.6520826296872144,59.82173328572866,10,74.62944725677241,True,False,12.053480014281401,medium
100,14.466567303693203,65.51618364500474,6,85.08901662749369,True,False,11.945144906498577,medium
